secretaría de hacienda y crédito,29.8885415892
héctor pérez martínez,28.4398328569
votación económica se consulta a,27.3493264671
hacienda y crédito público,27.2770021855
crédito público y seguros,26.686992533
secretario fernández albarrán juan,26.4017864478
seguridades de mi atenta consideración,26.2819113378
secretario lima josé de jesús,25.5589344416
¿falta algún ciudadano diputado de,24.4351925334
señoras y señores diputados,24.17996936
cámara de diputados del h,24.17247143
secretaría de agricultura y fomento,23.6985325355
comisión nacional de colonización,23.6669528475
lectura del orden del día,23.2846321363
comisión nacional coordinadora de puertos,23.0041507266
comisión de presupuestos y cuenta,22.2932153654
secretario fernández albarrán,22.1475491597
ifigenia martínez de navarrete,22.1122718111
comisión permanente del congreso de,22.0390079099
secretario gonzález sáenz,21.5735501341
miembros del ejército y,20.8062449094
comisión permanente del h,20.6189475138
constitución política de,20.1986819292
administración local de correos,20.167801074
secretaría de hacienda y,19.9305530834
secretaría del patrimonio nacional,19.8324193534
secretaría de gobernación,19.637898647
dictámenes a discusión,19.5967134452
secretario lima josé de j,19.5109823937
contaduría mayor de hacienda,19.3791864622
salón de sesiones de,19.2822477038
acuerdo de vuestra soberanía,19.2483809429
empresas de participación estatal,19.2323209202
dicho documento a esa h,19.1883770894
secretarías y departamentos de,19.1069547917
sesión y se cita,19.0836468538
secretaría de relaciones exteriores,18.9196988789
crédito público,18.8669004893
cámara de diputados de,18.8657675714
administración pública federal,18.8103662955
dictámenes de primera lectura,18.6123028222
comisión de puntos constitucionales,17.9594289443
proyecto de ley que crea,17.6431639276
proyecto de decreto que reforma,17.6115998422
secretario de industria y comercio,17.186054723
instituciones de crédito,17.1541538742
jesús puente leyva,17.0752247752
producción agrícola,16.8794267707
ley orgánica del,16.8514710744
votación nominal se aprueba,16.6396744671
instituto mexicano de comercio exterior,16.5476976705
taquigrafía parlamentaria y,16.3254126924
reyes josé maría,16.2159855548
secretaría de hacienda,16.0293799587
votación económica,16.0086292617
comisión de hacienda,15.9621978677
orden del día,15.9466041453
después tendríamos,15.9151966455
artículo respectivo del reglamento,15.8982096936
registro público de,15.8555047025
administración pública,15.6639132063
vía pública,15.5924507132
secretaria anderson nevárez,15.5611835854
y previsión social,15.3945976498
que se refiere a,15.3424396351
a que se refiere,15.3424396351
comisión nacional bancaria,15.2875371789
cámara de diputados,15.2696022029
cámara de senadores,15.166859219
pie del talud de,15.1020675542
secretario altamirano marín,15.0516238461
está a discusión,14.9946971432
vías de desarrollo,14.9853749585
dirección general de,14.984282984
próxima sesión,14.9043189452
secretario gómez rafael,14.8529548623
ley del seguro social,14.7766774235
línea recta hasta,14.7186699481
se procede a recoger,14.7121983857
departamento del distrito federal,14.6596848492
institución de seguros,14.6535863098
facultad que le confiere,14.6405502484
consumo de energía,14.5402814643
banco de méxico,14.5005321103
a proceder a recoger,14.4028157775
trabajadores al servicio del,14.3534661579
sala de comisiones de,14.2510351904
secretario bustillos carrillo antonio,14.2016304785
constitución general de,14.1158963761
presupuesto de egresos de,13.9824481538
gobierno del distrito federal,13.9590897039
secretario guerrero esquivel fernando,13.9346889952
votación nominal de,13.8381392869
lectura del acta de,13.8037585768
procuraduría general de,13.7989153146
federación y de,13.724035722
unanimidad de ochenta votos,13.6927017435
ciudad de méxico,13.5759038282
y de estudios legislativos,13.5700140151
ley federal del impuesto,13.5653673618
iniciativa de reformas a,13.4538112317
señor presidente de,13.446656022
artículo de 2a,13.4165919987
parte del gobierno federal,13.3797014897
distrito y territorios federales,13.2610532823
política de,12.6860937788
después de,12.4931433905
servicio público,12.4383237482
afirmativa sírvanse manifestarlo,12.432220785
período ordinario,12.3321268895
participación estatal,12.1151974679
desarrollo económico,12.0913334193
dirección de,11.9771401268
nuestro país,11.9171420685
servicios públicos,11.9147816458
conservación de,11.8747319838
secretarías de,11.8724483336
fracción ii,11.825041744
comisión dictaminadora,11.7856753563
fracción i,11.7516946365
línea recta,11.7370748561
comisión permanente,11.7160782867
párrafo anterior,11.7108776439
que se refiere,11.6083710076
fracción vi,11.5998733938
distribución de,11.5960672523
comisión a,11.5911725552
comisión nacional,11.581654826
organización de,11.5381375277
secretaría de,11.5204513872
deuda pública,11.50161816
año i,11.4870029513
explotación de,11.4652980215
comisión de,11.4532692962
prestación de,11.4224408787
construcción de,11.3986313549
e imprímase,11.3854845719
celebración de,11.3652980215
señor diputado,11.3555568654
consideración de,11.3160022469
fracción iii,11.2857993197
a partir de,11.2802339959
cámara de,11.2611988416
jefe del departamento,11.2437754951
tesorería de,11.2148493806
producción de,11.1961803745
economía nacional,11.191952859
ejecución de,11.186726593
que estén,11.1784388966
sí se considera,11.16855156
operación de,11.161908191
que le confirió,11.1575458625
a discusión,11.1538563023
autorización de,11.1531768094
términos de,11.1498315341
número de,11.1244221091
instituciones de seguros,11.1150842874
constitución de,11.1087535189
señores diputados,11.0996860849
ocupación de,11.0875202438
representación nacional,11.0798904478
se procede a,11.0798454445
atención de,11.0711803745
se trate de,11.0503337939
aplicación de,11.0427173764
además de,11.032355467
año iii,11.0211076345
creación de,11.018359246
realización de,11.0052980215
desempeño de,10.9931230748
excepción de,10.9902980215
delegación de,10.9793331093
ningún caso,10.9659028394
acuerdo del c,10.9594679394
representación de,10.9515049181
fracción anterior,10.9344464606
delegación mexicana,10.9336264564
proyecto de decreto,10.9257875007
gascón mercado,10.9251169565
expedición de,10.9179296005
que se haga,10.9066664621
condecoración de,10.8755021032
sírvanse manifestarlo,10.8714731215
opinión de,10.8546597237
aprobación de,10.8378254941
del centro de,10.8261347514
continúa hacia,10.7931009458
asignaciones destinadas a,10.7753595624
intervención de,10.7652980215
del distrito federal,10.7304395661
inscripción de,10.7270001492
señor secretario,10.7250672892
sujeción a,10.7032012805
coordinación de,10.693166874
mayoría de,10.6850727056
relación a,10.6809790583
proyecto de ley,10.6596041853
constitución federal,10.6590412397
votación de,10.6480566422
de méxico,10.6126010759
países que,10.5863225455
ley federal del,10.5829112215
juntas de vecinos,10.5800862095
cooperación de,10.5319646882
sesión de,10.5242938374
pueda aceptar y,10.5022027258
punto de partida,10.4850922311
obvia resolución,10.46610235
cualquiera que sea,10.4415948757
ley del impuesto,10.4189142726
llevar a cabo,10.3983543417
presupuesto de egresos,10.3862827853
países desarrollados,10.3814935065
comercio y desarrollo,10.3584180566
sentido de que,10.3506772828
miguel alemán,10.3436007382
fuerza aérea,10.3324019608
del congreso de,10.3229296232
organismos y empresas,10.318472672
ley que crea,10.3182536199
licenciado hugo b,10.3181604792
no reelección,10.3025497262
productos básicos,10.2915120275
hasta llegar a,10.2649594941
artículos 7o,10.2637802083
votación nominal,10.2419739184
ley del notariado,10.2281247989
artículos 1o,10.2112340529
se da cuenta,10.2099160201
este decreto entrará,10.2038123744
caso de que,10.187487914
secretario santa ana,10.1770560621
otros países,10.1466914987
federación y,10.1278703535
acera sur de,10.0917794036
presidencia del c,10.0336714338
sesión anterior,10.0034422765
juzgado de distrito,9.96410187642
crédito,9.95798850575
ley general de,9.93800210318
unión nacional,9.8982142956
siguientes términos,9.87658283232
procurador general de,9.8735784959
ejercicio fiscal de 1971,9.87037287687
señor presidente,9.85049065354
reitero a ustedes,9.78938424207
sesión celebrada,9.75571467586
acera norte de,9.75190086106
iniciativa de ley,9.72110314847
acera poniente de,9.71087522004
dar doble click,9.69711538462
estudio y dictamen,9.69569599321
república y,9.68858396769
pasa al ejecutivo,9.67466497809
acera oriente de,9.60536870469
virtud de que,9.58281258936
artículo 43 de,9.56659199869
artículo 18 de,9.56659199869
pasa al senado,9.56443105996
iniciativa del ejecutivo,9.55779763079
fondo monetario internacional,9.53703493648
artículo 7o,9.51759644152
dependencias del ejecutivo,9.48977595057
artículo 1o,9.46505028612
comisiones que suscriben,9.42541547017
artículo 8o,9.39899805877
artículo único,9.39616920446
balanza de pagos,9.39556805639
artículo 3o,9.36173097803
república mexicana,9.3378695585
manuel avila camacho,9.31398809524
artículo 2o,9.27345693323
leyes y reglamentos,9.2566926053
artículo 9o,9.2516766302
permiso constitucional necesario,9.23768115942
artículo segundo,9.19264885243
artículo 5o,9.13369193633
artículo 6o,9.06476625284
artículo 4o,9.05931551909
demás,9.04711029711
artículo anterior,9.04574043773
gonzález,9.04545454545
sesión efectuada,9.03923958007
presidente constitucional de,9.00627772803
créditos,9.00444444444
económica,8.95673798799
presente decreto entrará,8.9093502733
público,8.90891198354
después,8.89697802198
primo villa michel,8.76282051282
artículo tercero,8.72552867102
hernández,8.70251872022
presente ley entrará,8.64316695787
párrafo,8.63556383636
azúcar,8.6346497955
colonización,8.48913265306
dictámenes,8.44285714286
interés,8.39102564103
dirección,8.38097475832
diario oficial de,8.3610609819
accidente definido hasta,8.19488180531
inspección,8.17338797221
estados unidos mexicanos,8.16026921168
educación,8.14413265306
gobernación,8.1174472598
común,8.07558426596
administración,8.04691043084
ganadería,8.01531862745
participación,7.96704931973
organización,7.94197215923
secretaría,7.92428601876
exportación,7.91957513094
explotación,7.86913265306
fracción,7.85913265306
comisión,7.85710392775
no só,7.84292536145
construcción,7.80246598639
gómez,7.8015992004
soberanía,7.77754688832
consideración,7.71983687841
inversión,7.70016713582
patrimonio de,7.6779835503
garantía,7.67156862745
cámara,7.66503347311
adición,7.63869787045
pública,7.61700277543
también,7.61303509209
importación,7.60634195539
producción,7.600015006
ejecución,7.59056122449
continúa,7.58555377597
población,7.57305422169
operación,7.56574282255
autorización,7.55701144094
situación,7.55484693878
términos,7.55366616566
constitución,7.51258815044
ciudadanos diputados,7.49325184619
atención,7.475015006
y que,7.46963852747
economía,7.46740196078
préstamos,7.44047619048
señor,7.44037829399
ley del,7.43645813222
además,7.43619009856
creación,7.42219387755
discusión,7.4197876749
delegación,7.38316774078
podrán,7.34633853541
modificación,7.34320672714
algodón,7.34056122449
intersección,7.33163265306
proyecto de,7.32491030776
expedición,7.32176423201
declaración,7.30484693878
que a,7.30253403014
revolución,7.29691043084
comercio y,7.29665335077
deberán,7.28689915052
condecoración,7.27933673469
se aprueban,7.26523455228
opinión,7.25849435519
aprobación,7.24166012559
ley y,7.23586700233
o sea,7.20519992663
que se,7.2021210076
destinados a,7.19835434174
procuraduría,7.19560708899
de que,7.16463077117
recaudación,7.14844299789
aprovechamiento de,7.1437844161
institución,7.13850202243
no se,7.13317437296
inscripción,7.13083478072
que son,7.11936360628
pago de,7.11717377185
coordinación,7.09700150552
señores,7.09128272356
servicios de,7.09084621955
del impuesto,7.08422039502
que no,7.06798417074
reformas a,7.06740196078
votación,7.05189127375
se crea,7.04874994454
causarán,7.0389739229
práctica,7.03333333333
que tendrá,7.02899171848
concesión,7.01913265306
países,7.01785714286
méxico,7.01643570738
al efecto,7.01466301991
jurisdicción,6.99990188383
egresos de,6.99342564246
comercio de,6.99164559447
se pregunta,6.95032227158
respecto a,6.94703159041
relación,6.94691043084
registro de,6.94659271891
vigilancia de,6.93793752038
cooperación,6.93579931973
razón,6.93579931973
ley de,6.93085924604
departamentos de,6.92949870182
sesión,6.92812846896
pagarán,6.91198979592
general y,6.90831598192
trámite,6.89516668898
precio de $0,6.88742750441
proposición,6.88677971188
secretario de,6.8808543637
árez nieto,6.87943262411
conforme a,6.86920376259
estudio de,6.85590562822
propietarios y,6.85571857932
consejo consultivo,6.85543683218
aceptar y,6.85355407716
trabajadores del,6.85176425467
reforma a,6.85141556623
servicios generales,6.84624335106
señalar,6.8441819207
lectura de,6.83242910475
ya que,6.82882043228
gobierno de,6.82481550623
medio de,6.81455617308
respecto de,6.80912833145
este caso,6.80761050609
trabajos de,6.80071082303
se reforma,6.75100254369
traslado de,6.74616536848
centro de,6.72437049669
aumento de,6.72116536848
artículos,6.71661039696
de acuerdo,6.70767615985
segunda lectura,6.70529028494
frente a,6.70281862745
instituto de,6.69310414399
examen de,6.67949870182
problema de,6.67408744641
motivo de,6.66634080708
desarrollo de,6.65793007437
calidad de,6.65616536848
creo que,6.65179873602
naturaleza de,6.63964362935
se adiciona,6.63365560491
siempre que,6.62968989249
distrito federal,6.62867531147
otros servicios,6.62351520689
caso de,6.61902251134
acciones de,6.614683887
base de,6.61370922813
diría,6.60906862745
miembros de,6.60636945012
ya sea,6.60518261579
general de,6.60330822563
departamentos administrativos,6.60162601626
cargo a,6.60073529412
centros de,6.59616536848
compra de,6.59616536848
señalados,6.59519406645
al mismo,6.58519336436
funcionamiento de,6.5844006626
que establece,6.58096540269
primera lectura,6.57328031085
problemas de,6.5693796542
comisiones unidas,6.56923076923
ciudad de,6.55946812078
según,6.55407888962
necesidades de,6.55330822563
venta de,6.55268710761
legislatura del,6.5488230782
habitación,6.54691043084
nacional financiera,6.54506371872
favor de,6.54353378954
disposiciones de,6.54283203515
palacio nacional,6.54273271639
total de,6.53616536848
tenido a,6.50826217584
cantidades que,6.50394927366
parte de,6.49899937658
llega a,6.49597338936
ley forestal,6.49342403628
comercio exterior,6.4903078122
posibilidad de,6.4807807531
impuestos a,6.46740196078
acta de,6.46573058588
cantidad de,6.46183701028
instituto mexicano,6.4612244898
cuotas de,6.45786749614
monto de,6.45581449129
nación,6.45148559424
nombre de,6.44722919827
aplicable a,6.44240196078
calzada de,6.43991536848
control de,6.43616536848
ingresos de,6.43380374487
manejo de,6.4109801833
colaboración,6.40913265306
se aprueba,6.39770054873
objeto de,6.38875796108
iniciativa de,6.38640927092
se reforman,6.38365560491
materia de,6.38237226504
comercio internacional,6.37823884668
plazo de,6.37665317336
gobierno federal,6.37510322699
ejercicio de,6.37464638114
entidades de,6.36889264121
que comprende,6.36846540269
cuenta de,6.3642066056
mismo c,6.35909611921
iniciativa que,6.35870930513
niñez,6.35782312925
misma c,6.35636238493
no obstante,6.32560572457
corresponderá a,6.31943448111
presidencia del,6.28747854038
cuanto a,6.27460916799
publicación,6.26913265306
ejecutivo de,6.26195484217
representantes de,6.25573983657
asuntos de,6.2542850266
defensa nacional,6.23617880518
septiembre de 1921,6.23616536848
cumplimiento de,6.22919289142
federación,6.22669722871
congreso de,6.22116536848
se reserva,6.20508417634
importe de,6.19265659655
independientemente de,6.1844006626
unión,6.1736633974
costo de,6.17192294424
casos de,6.16980877934
beneficio de,6.16759393991
asociaciones estatales,6.1632034632
ley entrará,6.15287569573
senado de,6.15172092404
referente a,6.15073529412
importancia de,6.13783203515
perjuicio de,6.13462690695
dictamen de,6.13094797718
disposiciones legales,6.12615384615
conducto de,6.12425525612
estados de,6.10820037943
grandes centros,6.09210526316
intereses de,6.07764684997
estudios legislativos,6.07267552182
incremento de,6.06128164755
representante de,6.02639792662
virtud de,6.01434718667
presidente de,6.00627772803
de conformidad,5.97116536848
reglamentaria de,5.97116536848
artículo 37,5.9704266302
artículo 35,5.9704266302
artículo 34,5.9704266302
artículo 33,5.9704266302
artículo 32,5.9704266302
artículo 31,5.9704266302
artículo 30,5.9704266302
artículo 39,5.9704266302
artículo 24,5.9704266302
artículo 25,5.9704266302
artículo 26,5.9704266302
artículo 27,5.9704266302
artículo 20,5.9704266302
artículo 21,5.9704266302
artículo 22,5.9704266302
artículo 23,5.9704266302
artículo 28,5.9704266302
artículo 29,5.9704266302
artículo 36,5.9704266302
artículo 19,5.9704266302
artículo 18,5.9704266302
artículo 11,5.9704266302
artículo 10,5.9704266302
artículo 13,5.9704266302
artículo 12,5.9704266302
artículo 15,5.9704266302
artículo 14,5.9704266302
artículo 17,5.9704266302
artículo 16,5.9704266302
artículo 42,5.9704266302
artículo 43,5.9704266302
artículo 45,5.9704266302
artículo 48,5.9704266302
artículo 73,5.9704266302
artículo 71,5.9704266302
artículo 74,5.9704266302
artículo,5.9704266302
se dispensa,5.96698893825
no habiendo,5.96293340219
exportaciones de,5.95652572884
otra parte,5.94828855355
primer lugar,5.94799479948
se derogan,5.94615560491
misma ley,5.94486336908
gobiernos de,5.91045108277
cobro de,5.89616536848
presente ley,5.82498513969
hasta encontrar,5.82370035518
oficio de,5.81355667283
ejecutivo federal,5.81224256293
despacho de,5.80828658061
comisiones correspondientes,5.79861673414
república,5.78741084291
efectos de,5.78688701797
ingresos brutos,5.78208282083
presidencia de,5.7818796542
secretarios de,5.77711774944
ratón,5.76913265306
diario de,5.7662333957
comisiones dictaminadoras,5.76171197224
se levanta,5.74176371302
vigilar que,5.72471540269
escudo nacional,5.7245508982
autoridades fiscales,5.71929824561
se abre,5.70772967899
naciones unidas,5.68251879699
celebrar convenios,5.65320813772
unidos mexicanos,5.64823420074
fecha de,5.63500031994
infancia y,5.63194235555
legislaturas de,5.59616536848
iniciativa privada,5.59024390244
ingresos mercantiles,5.55856860894
de enterado,5.51045108277
apéndice,5.51029748284
gobiernos locales,5.44636118598
mesa directiva,5.44397283531
organismos descentralizados,5.44179600887
balanza comercial,5.43639455782
ver imagen,5.41638795987
sigue hacia,5.40602045225
estados unidos,5.38703501094
industria azucarera,5.37696806118
siguiente tarifa,5.37506493506
consecuencia de,5.32693459925
entidades federativas,5.31118881119
siguiente forma,5.19165965929
disposiciones contenidas,5.10456140351
mercados internacionales,5.09085887876
siguientes atribuciones,5.02440920398
siguientes asuntos,4.98103632479
efectos constitucionales,4.8015324603
suficientemente discutido,4.77567567568
siguientes bases,4.77389705882
diario oficial,4.76489561342
muchas gracias,4.7474012474
xlviii legislatura,4.65758513932
honorable asamblea,4.62676470588
iniciativa enviada,4.60274390244
hacienda,4.50892857143
cuauhtémoc,4.41379310345
margáin,4.33333333333
agricultura,4.20547945205
diputados,4.00840336134
anteriormente expuesto,4.00435729847
sufragio efectivo,3.98166023166
licenciado,3.93442622951
departamento,3.92924528302
puertos,3.92156862745
seguros,3.91891891892
diputado,3.91517857143
banco,3.88793103448
nuestra,3.87368421053
nuestro,3.76691729323
resultando aprobado,3.75015852885
proyecto,3.72874493927
nacional,3.7245508982
obras,3.72159090909
seguro,3.70967741935
valores,3.69090909091
punto,3.66165413534
social,3.63054187192
orden,3.61676646707
recursos,3.60330578512
decreto,3.60087719298
instituciones,3.6
21 de,3.59616536848
50% de,3.59616536848
bienes,3.58536585366
podrá,3.57720588235
contratos,3.56896551724
consejo,3.55813953488
permiso,3.55072463768
propiedad,3.54347826087
servicio,3.52941176471
empresas,3.52095808383
deberá,3.51776649746
servicios,3.49468085106
distrito,3.48222222222
estos,3.48039215686
dicho,3.47169811321
segunda,3.46902654867
tendrá,3.46052631579
programas,3.43103448276
antonio,3.42372881356
previa,3.41818181818
justicia,3.41791044776
egresos,3.39726027397
comercio,3.39548022599
presupuesto,3.39285714286
debemos,3.38095238095
personas,3.37755102041
primer,3.37373737374
cualquier,3.3698630137
mexicano,3.36428571429
nuestros,3.36231884058
relaciones,3.35576923077
mayor,3.35483870968
registro,3.35042735043
especial,3.34848484848
industriales,3.34090909091
tenga,3.34090909091
primera,3.33701657459
reformas,3.33333333333
urgente,3.32142857143
sociedades,3.31707317073
pregunta,3.31666666667
consumo,3.30379746835
territorio,3.3
aguas,3.2972972973
precio,3.29126213592
secretario,3.28468899522
ingreso,3.275
alejandro,3.27272727273
pueblo,3.23728813559
lectura,3.23626373626
gobierno,3.22865013774
fines,3.225
segundo,3.22222222222
medio,3.2183908046
presentar,3.20833333333
hacia,3.20754716981
mercado,3.20143884892
votos,3.1978021978
recta,3.19402985075
comisiones,3.19028340081
nominal,3.19008264463
otras,3.18548387097
obligaciones,3.18181818182
precios,3.16666666667
documento,3.16
productores,3.15853658537
vista,3.14864864865
avenida,3.14814814815
solicita,3.14814814815
federal,3.14645308924
respectivo,3.13636363636
documentos,3.13186813187
maquinaria,3.12903225806
otros,3.12883435583
aumento,3.125
reforma,3.11734693878
acuerdo,3.11151079137
asociaciones,3.10606060606
secretaria,3.10204081633
anteriores,3.1
capital,3.09923664122
instituto,3.09693877551
correspondiente,3.09574468085
exterior,3.09482758621
grandes,3.09210526316
contrato,3.08333333333
ustedes,3.07857142857
problema,3.07792207792
anterior,3.07531380753
oficina,3.07407407407
manera,3.07142857143
desarrollo,3.06176470588
siempre,3.0612244898
calidad,3.06
contabilidad,3.05
medidas,3.05
efecto,3.04237288136
hecho,3.04
gastos,3.02105263158
norte,3.01538461538
establece,3.0125
miembros,3.01020408163
industria,3.00854700855
derecho,3.00806451613
general,3.00714285714
constitucional,3.0
terrenos,3.0
funcionamiento,2.98823529412
internacional,2.98275862069
impuesto,2.98245614035
hasta,2.98159509202
actualmente,2.97674418605
poniente,2.97435897436
problemas,2.97321428571
constituir,2.96774193548
ciudad,2.96330275229
acuerdos,2.96153846154
mantener,2.96078431373
necesidades,2.95714285714
venta,2.95652173913
cubrir,2.94736842105
disposiciones,2.94666666667
territorios,2.94545454545
concesiones,2.94444444444
total,2.94
oficinas,2.9375
federales,2.93220338983
condiciones,2.92857142857
establecer,2.92553191489
conocer,2.92
productos,2.91666666667
procedimiento,2.90625
parte,2.9028340081
unanimidad,2.89873417722
organismos,2.89634146341
habla,2.88461538462
conveniente,2.86885245902
oriente,2.86885245902
cargo,2.86666666667
administrativas,2.86486486486
cuotas,2.86170212766
operaciones,2.85882352941
europa,2.85714285714
persona,2.85714285714
autorizaciones,2.85714285714
funciones,2.85217391304
mediante,2.85135135135
durante,2.85057471264
licencias,2.84848484848
islas,2.84615384615
encontrar,2.84210526316
evitar,2.84090909091
control,2.84
actividades,2.83870967742
prestaciones,2.83783783784
ingresos,2.83763837638
convenios,2.83098591549
existe,2.82857142857
cuota,2.82558139535
haciendo,2.81481481481
realizar,2.80821917808
producto,2.79487179487
objeto,2.79259259259
necesarios,2.79104477612
legislativos,2.79032258065
iniciativa,2.79024390244
materia,2.78620689655
proponer,2.78571428571
comercial,2.78333333333
satisfacer,2.78260869565
plazo,2.78048780488
fijar,2.78
ejercicio,2.77848101266
importaciones,2.77777777778
empresa,2.77586206897
tarifa,2.77333333333
mexicanos,2.77323420074
entidades,2.77272727273
cambio,2.76923076923
cuenta,2.76804123711
aprueba,2.76404494382
reglamentos,2.75892857143
tercero,2.75510204082
minuta,2.75
trabajadores,2.75
clase,2.74509803922
roberto,2.74285714286
puerto,2.74193548387
atender,2.74074074074
exportar,2.73684210526
importante,2.73684210526
impuestos,2.73333333333
aplicar,2.73076923077
dependencias,2.72222222222
internacionales,2.71830985915
reservas,2.71739130435
ampliar,2.70967741935
encuentra,2.70731707317
elementos,2.703125
atribuciones,2.70149253731
únicamente,2.7
llevar,2.7
excedentes,2.7
aspectos,2.6976744186
negocios,2.69565217391
delegados,2.69444444444
usted,2.69444444444
utilidades,2.69230769231
construcciones,2.69047619048
reglamento,2.68965517241
exportadores,2.6875
necesario,2.68695652174
ignacio,2.68421052632
organizar,2.68235294118
integrar,2.67857142857
convenio,2.67647058824
operar,2.67647058824
menos,2.675
último,2.67346938776
constituye,2.66666666667
mojonera,2.66666666667
necesaria,2.66666666667
ejecutivo,2.66578947368
representantes,2.65957446809
asuntos,2.65811965812
inversiones,2.65151515152
fundamentalmente,2.65
posible,2.64285714286
eduardo,2.64285714286
congreso,2.625
turismo,2.625
necesitamos,2.62068965517
contra,2.62037037037
mismo,2.61290322581
constitucionales,2.61081081081
misma,2.61016949153
conceptos,2.60975609756
correspondientes,2.60833333333
siguiente,2.60173160173
transportes,2.6
leyes,2.59659090909
formular,2.59649122807
mundo,2.59649122807
oficial,2.59482758621
forma,2.58992805755
propios,2.58974358974
fondos,2.58695652174
ejercer,2.58536585366
escuelas,2.58333333333
lugar,2.57425742574
casos,2.57364341085
reserva,2.57142857143
determine,2.56666666667
suscrita,2.5625
causantes,2.56140350877
serie,2.55737704918
senado,2.55555555556
derechos,2.55072463768
descentralizados,2.54545454545
claro,2.54545454545
ciento,2.54545454545
asegurado,2.54285714286
cuanto,2.54054054054
dictamen,2.5347826087
dictar,2.52173913043
licencia,2.51851851852
necesarias,2.51785714286
estados,2.51203501094
referencia,2.5
cuarto,2.5
extranjeros,2.5
concesionario,2.5
estudiar,2.5
presente,2.49029126214
quedar,2.48958333333
prestar,2.48888888889
mejorar,2.48780487805
oportunidad,2.48780487805
intereses,2.48148148148
participar,2.46153846154
respectivos,2.46153846154
bases,2.45098039216
legislatura,2.44705882353
expediente,2.43333333333
representante,2.43023255814
obtener,2.42857142857
creado,2.42105263158
asunto,2.41666666667
presidente,2.41011235955
vigor,2.40517241379
coordinar,2.40476190476
pasando,2.4
todos,2.39534883721
medida,2.39130434783
exclusivamente,2.38095238095
conformidad,2.375
mercados,2.37254901961
resolver,2.37037037037
exportaciones,2.36036036036
regular,2.35294117647
suroeste,2.35294117647
diferencia,2.35
continuar,2.33333333333
garantizar,2.33333333333
precisamente,2.32558139535
judicial,2.32352941176
siguientes,2.32291666667
gobiernos,2.31428571429
luego,2.3125
ocupa,2.3125
naciones,2.30357142857
agrupa,2.30303030303
carne,2.3
cumplir,2.29787234043
aumentar,2.2972972973
ahora,2.28915662651
corrientes,2.28571428571
administrar,2.27777777778
reformar,2.26923076923
notario,2.26666666667
cuales,2.26315789474
construir,2.25925925926
inflexiones,2.25
transitorio,2.24324324324
determinar,2.24137931034
momento,2.23636363636
demanda,2.23333333333
libertad,2.23333333333
escritura,2.22727272727
crear,2.22727272727
partes,2.22413793103
establecido,2.22222222222
impulsar,2.22222222222
presentado,2.22222222222
refrescos,2.21739130435
washington,2.21428571429
consideraciones,2.21052631579
decir,2.20512820513
municipios,2.20512820513
responsabilidad,2.2
cooperar,2.2
sigue,2.19847328244
asimismo,2.19565217391
informe,2.19444444444
queremos,2.1935483871
efectos,2.19072164948
especialmente,2.1875
presidencia,2.18571428571
manejar,2.18181818182
secretarios,2.18095238095
compraventa,2.17647058824
diario,2.17006802721
declaraciones,2.16666666667
vigilar,2.15625
revisar,2.15384615385
protocolo,2.14285714286
preceptos,2.14285714286
particulares,2.140625
extranjero,2.140625
campesinos,2.13333333333
pueblos,2.125
todas,2.12258064516
colegisladora,2.11111111111
planear,2.11111111111
antecedentes,2.11111111111
efectuada,2.11111111111
conferencia,2.10112359551
discutido,2.1
competencia,2.1
fomentar,2.09090909091
comprendidas,2.08
esquina,2.06666666667
renglones,2.05263157895
realidad,2.05128205128
fideicomisos,2.04761904762
progreso,2.04
fecha,2.03883495146
igualmente,2.03448275862
sociedad,2.03076923077
mismos,2.02857142857
debate,2.02777777778
lograr,2.0243902439
patria,2.0
junto,2.0
experiencia,1.96153846154
participaciones,1.95454545455
efectivo,1.94594594595
enviado,1.94117647059
perder,1.9375
fideicomiso,1.92857142857
autorizar,1.92
dirigir,1.90909090909
separado,1.90909090909
mismas,1.90697674419
incrementar,1.90476190476
turno,1.90322580645
proyectar,1.88888888889
contrabando,1.875
promover,1.86842105263
frontera,1.86666666667
tanto,1.85798816568
incluyendo,1.85714285714
atentamente,1.85714285714
aprobado,1.85542168675
suscribir,1.84615384615
guanajuato,1.83333333333
horas,1.82352941176
00 horas,1.82352941176
contrario,1.82352941176
alalc,1.81818181818
enviada,1.8125
armada,1.81081081081
aprobados,1.81081081081
asamblea,1.78676470588
reglamentar,1.77272727273
renta,1.75
legislativo,1.75
respuesta,1.75
consecuencia,1.73076923077
infancia,1.73076923077
vivienda,1.7
domicilio,1.69565217391
multas,1.66666666667
tierra,1.66666666667
cruza,1.66666666667
familia,1.66666666667
interesados,1.61538461538
xxiii,1.61538461538
tomando,1.60526315789
expuesto,1.59259259259
salvo,1.5625
afirmativa,1.56074766355
confluencia,1.55
oyendo,1.5
turnada,1.5
cometido,1.5
colaborar,1.5
inclusive,1.5
encontramos,1.5
teniendo,1.5
excepto,1.47058823529
finalmente,1.4375
intervenir,1.42424242424
tribuna,1.41666666667
hilda,1.40909090909
fundamento,1.4
analfabetismo,1.4
aprobada,1.38888888889
particular,1.38732394366
panteones,1.33333333333
registrado,1.33333333333
defecto,1.3
presentes,1.29230769231
considerando,1.28125
xviii,1.27586206897
magdalena,1.27272727273
ejemplo,1.26829268293
recibo,1.21794871795
leopoldo,1.2
alianza,1.17857142857
palabra,1.17616580311
residencia,1.17391304348
respectivamente,1.16129032258
marcado,1.125
negativa,1.11688311688
embargo,1.1
éctrica,1.09677419355
dispuesto,1.09523809524
transitorios,1.09523809524
sumario,1.05263157895
debates,1.05128205128
aplausos,1.03921568627
encabezado,1.0
cartera,1.0
leyendo,1.0
